allele_1,allele_2,stratum,correlation,correlation_type,n_total,n_a1_positive,n_a2_positive,retained,drop_reason
DRB1*12:01,DQB1*02:02 / DQA1*02:01,female_nullipara,0.334,Spearman,4305,843,647,True,
DRB1*12:01,DQB1*02:02 / DQA1*02:01,female_parous,0.25,Spearman,12984,3050,2058,True,
DRB1*12:01,DQB1*02:02 / DQA1*02:01,male_primary,0.372,Spearman,8886,978,1372,True,
DRB1*12:01,DQB1*02:02 / DQA1*02:01,overall,0.311,Spearman,28132,5020,4278,True,
DRB1*04:05,DPB1*107:01 / DPA1*02:01,female_nullipara,0.01,Spearman,132,48,33,True,
DRB1*12:01,DQB1*02:02 / DQA1*02:01,male_retransplant,0.387,Spearman,1766,117,186,True,
DRB1*04:05,DPB1*107:01 / DPA1*02:01,overall,0.142,Spearman,935,353,244,True,
DRB1*04:05,DPB1*107:01 / DPA1*02:01,male_retransplant,0.153,Spearman,41,4,10,False,n_total=41 < 100
DRB1*04:05,DPB1*107:01 / DPA1*02:01,male_primary,0.089,Spearman,273,86,75,True,
DRB1*04:05,DPB1*107:01 / DPA1*02:01,female_parous,0.17,Spearman,460,211,123,True,
DRB1*04:06,DRB1*12:02,overall,0.241,Spearman,935,297,374,True,
DRB1*04:06,DRB1*12:02,female_nullipara,0.272,Spearman,132,40,59,True,
DRB1*04:06,DRB1*12:02,female_parous,0.144,Spearman,460,179,217,True,
DRB1*04:06,DRB1*12:02,male_primary,0.274,Spearman,273,69,87,True,
DRB1*04:06,DRB1*12:02,male_retransplant,0.396,Spearman,41,5,5,False,n_total=41 < 100
DRB1*13:03,DQB1*03:03 / DQA1*04:01,female_nullipara,0.398,Spearman,952,160,207,True,
DRB1*13:03,DQB1*03:03 / DQA1*04:01,overall,0.355,Spearman,6395,1042,1338,True,
DRB1*13:03,DQB1*03:03 / DQA1*04:01,female_parous,0.336,Spearman,3033,679,631,True,
DRB1*13:03,DQB1*03:03 / DQA1*04:01,male_primary,0.361,Spearman,2132,187,455,True,
DRB1*13:03,DQB1*03:03 / DQA1*04:01,male_retransplant,0.401,Spearman,267,12,43,True,
DRB1*01:01,DPB1*18:01 / DPA1*01:03,female_nullipara,0.228,Spearman,954,119,77,True,
DRB1*01:01,DPB1*18:01 / DPA1*01:03,overall,0.196,Spearman,6399,902,560,True,
DRB1*01:01,DPB1*18:01 / DPA1*01:03,female_parous,0.15,Spearman,3034,587,304,True,
DRB1*01:01,DPB1*18:01 / DPA1*01:03,male_retransplant,0.253,Spearman,268,15,8,True,
DRB1*01:01,DPB1*18:01 / DPA1*01:03,male_primary,0.218,Spearman,2132,179,171,True,
DRB1*14:02,DQB1*03:01 / DQA1*02:01,female_nullipara,0.24,Spearman,2719,523,730,True,
DRB1*14:02,DQB1*03:01 / DQA1*02:01,overall,0.211,Spearman,18141,3469,4802,True,
DRB1*14:02,DQB1*03:01 / DQA1*02:01,male_primary,0.227,Spearman,5689,577,1500,True,
DRB1*14:02,DQB1*03:01 / DQA1*02:01,female_parous,0.206,Spearman,8592,2266,2370,True,
DRB1*14:02,DQB1*03:01 / DQA1*02:01,male_retransplant,0.215,Spearman,980,59,171,True,
DRB1*01:03,DRB1*04:10,female_nullipara,0.395,Spearman,132,57,43,True,
DRB1*01:03,DRB1*04:10,overall,0.468,Spearman,935,402,326,True,
DRB1*01:03,DRB1*04:10,female_parous,0.448,Spearman,460,240,201,True,
DRB1*01:03,DRB1*04:10,male_primary,0.412,Spearman,273,93,74,True,
DRB1*01:03,DRB1*04:10,male_retransplant,0.575,Spearman,41,8,4,False,n_total=41 < 100
DRB1*08:07,DQB1*06:09 / DQA1*01:02,female_nullipara,0.257,Spearman,132,49,62,True,
DRB1*08:07,DQB1*06:09 / DQA1*01:02,overall,0.187,Spearman,935,359,439,True,
DRB1*08:07,DQB1*06:09 / DQA1*01:02,male_primary,0.17,Spearman,273,91,141,True,
DRB1*08:07,DQB1*06:09 / DQA1*01:02,female_parous,0.114,Spearman,460,209,218,True,
DRB1*08:07,DQB1*06:09 / DQA1*01:02,male_retransplant,0.447,Spearman,41,3,13,False,n_total=41 < 100
DRB1*07:01,DPB1*04:02 / DPA1*01:03,female_nullipara,0.223,Spearman,4305,938,331,True,
DRB1*07:01,DPB1*04:02 / DPA1*01:03,male_primary,0.27,Spearman,8886,1265,558,True,
DRB1*07:01,DPB1*04:02 / DPA1*01:03,overall,0.211,Spearman,28133,5885,2211,True,
DRB1*07:01,DPB1*04:02 / DPA1*01:03,female_parous,0.154,Spearman,12984,3490,1260,True,
DRB1*07:01,DPB1*04:02 / DPA1*01:03,male_retransplant,0.342,Spearman,1767,166,47,True,
DRB1*01:01,DRB1*11:04,female_nullipara,0.27,Spearman,4126,640,896,True,
DRB1*01:01,DRB1*11:04,female_parous,0.133,Spearman,12673,2832,3608,True,
DRB1*01:01,DRB1*11:04,overall,0.253,Spearman,27129,4467,5719,True,
DRB1*01:01,DRB1*11:04,male_primary,0.381,Spearman,8564,868,1053,True,
DRB1*01:01,DRB1*11:04,male_retransplant,0.422,Spearman,1580,92,115,True,
DQB1*02:02 / DQA1*02:01,DQB1*03:04 / DQA1*03:01,female_nullipara,0.359,Spearman,30,4,5,False,n_total=30 < 100
DQB1*02:02 / DQA1*02:01,DQB1*03:04 / DQA1*03:01,overall,0.513,Spearman,127,16,28,True,
DQB1*02:02 / DQA1*02:01,DQB1*03:04 / DQA1*03:01,female_parous,0.427,Spearman,39,9,15,False,n_total=39 < 100
DQB1*02:02 / DQA1*02:01,DQB1*03:04 / DQA1*03:01,male_primary,0.499,Spearman,32,3,5,False,n_total=32 < 100
DQB1*02:02 / DQA1*02:01,DQB1*03:04 / DQA1*03:01,male_retransplant,0.886,Spearman,25,0,3,False,n_total=25 < 100
DQB1*03:03 / DQA1*03:02,DPB1*11:01 / DPA1*01:04,female_nullipara,0.178,Spearman,345,87,30,True,
DQB1*03:03 / DQA1*03:02,DPB1*11:01 / DPA1*01:04,overall,0.167,Spearman,2267,558,230,True,
DQB1*03:03 / DQA1*03:02,DPB1*11:01 / DPA1*01:04,male_primary,0.131,Spearman,669,150,60,True,
DQB1*03:03 / DQA1*03:02,DPB1*11:01 / DPA1*01:04,female_parous,0.186,Spearman,992,282,131,True,
DQB1*03:03 / DQA1*03:02,DPB1*11:01 / DPA1*01:04,male_retransplant,0.053,Spearman,247,36,8,True,
DQB1*03:03 / DQA1*02:01,DQB1*03:19 / DQA1*05:05,female_nullipara,0.659,Spearman,3317,908,977,True,
DQB1*03:03 / DQA1*02:01,DQB1*03:19 / DQA1*05:05,female_parous,0.641,Spearman,9919,2869,3166,True,
DQB1*03:03 / DQA1*02:01,DQB1*03:19 / DQA1*05:05,male_primary,0.61,Spearman,6722,1770,1889,True,
DQB1*03:03 / DQA1*02:01,DQB1*03:19 / DQA1*05:05,overall,0.631,Spearman,21612,5845,6365,True,
DQB1*03:03 / DQA1*02:01,DQB1*03:19 / DQA1*05:05,male_retransplant,0.618,Spearman,1475,261,291,True,
DQB1*03:01 / DQA1*06:01,DPB1*28:01 / DPA1*02:02,female_nullipara,0.287,Spearman,1186,232,118,True,
DQB1*03:01 / DQA1*06:01,DPB1*28:01 / DPA1*02:02,overall,0.283,Spearman,7792,1483,816,True,
DQB1*03:01 / DQA1*06:01,DPB1*28:01 / DPA1*02:02,female_parous,0.283,Spearman,3591,715,432,True,
DQB1*03:01 / DQA1*06:01,DPB1*28:01 / DPA1*02:02,male_retransplant,0.271,Spearman,451,65,14,True,
DQB1*03:02 / DQA1*03:02,DQB1*04:01 / DQA1*05:01,female_nullipara,0.405,Spearman,953,200,160,True,
DQB1*03:02 / DQA1*03:02,DQB1*04:01 / DQA1*05:01,overall,0.429,Spearman,6396,1357,1000,True,
DQB1*03:02 / DQA1*03:02,DQB1*04:01 / DQA1*05:01,female_parous,0.385,Spearman,3033,666,438,True,
DQB1*03:02 / DQA1*03:02,DQB1*04:01 / DQA1*05:01,male_retransplant,0.509,Spearman,267,42,35,True,
DQB1*03:02 / DQA1*03:02,DQB1*04:01 / DQA1*05:01,male_primary,0.481,Spearman,2132,447,364,True,
DQB1*03:01 / DQA1*05:01,DQB1*06:01 / DQA1*02:01,overall,0.343,Spearman,6396,1297,1118,True,
DQB1*03:01 / DQA1*05:01,DQB1*06:01 / DQA1*02:01,female_nullipara,0.379,Spearman,953,201,165,True,
DQB1*03:01 / DQA1*05:01,DQB1*06:01 / DQA1*02:01,female_parous,0.284,Spearman,3033,638,488,True,
DQB1*03:01 / DQA1*05:01,DQB1*06:01 / DQA1*02:01,male_retransplant,0.428,Spearman,267,39,42,True,
DQB1*03:01 / DQA1*05:01,DQB1*06:01 / DQA1*02:01,male_primary,0.383,Spearman,2132,417,420,True,
DQB1*04:02 / DQA1*06:01,DPB1*13:01 / DPA1*04:01,female_nullipara,0.383,Spearman,953,151,73,True,
DQB1*04:02 / DQA1*06:01,DPB1*13:01 / DPA1*04:01,overall,0.348,Spearman,6396,986,587,True,
DQB1*04:02 / DQA1*06:01,DPB1*13:01 / DPA1*04:01,female_parous,0.31,Spearman,3033,433,302,True,
DQB1*04:02 / DQA1*06:01,DPB1*13:01 / DPA1*04:01,male_retransplant,0.358,Spearman,267,35,14,True,
DQB1*04:02 / DQA1*06:01,DPB1*13:01 / DPA1*04:01,male_primary,0.381,Spearman,2132,364,197,True,
DQB1*04:01 / DQA1*03:03,DPB1*28:01 / DPA1*01:05,female_nullipara,0.259,Spearman,2760,669,234,True,
DQB1*04:01 / DQA1*03:03,DPB1*28:01 / DPA1*01:05,overall,0.252,Spearman,18446,4396,1571,True,
DQB1*04:01 / DQA1*03:03,DPB1*28:01 / DPA1*01:05,female_parous,0.244,Spearman,8749,2139,900,True,
DQB1*04:01 / DQA1*03:03,DPB1*28:01 / DPA1*01:05,male_primary,0.27,Spearman,5762,1402,391,True,
DQB1*04:01 / DQA1*03:03,DPB1*28:01 / DPA1*01:05,male_retransplant,0.232,Spearman,1011,151,32,True,
DQB1*03:02 / DQA1*03:01,DPB1*85:01 / DPA1*01:03,overall,0.082,Spearman,935,468,257,True,
DQB1*03:02 / DQA1*03:01,DPB1*85:01 / DPA1*01:03,female_nullipara,-0.03,Spearman,132,65,32,True,
DQB1*03:02 / DQA1*03:01,DPB1*85:01 / DPA1*01:03,female_parous,0.081,Spearman,460,232,134,True,
DQB1*03:02 / DQA1*03:01,DPB1*85:01 / DPA1*01:03,male_primary,0.017,Spearman,273,152,79,True,
DQB1*03:02 / DQA1*03:01,DPB1*85:01 / DPA1*01:03,male_retransplant,0.436,Spearman,41,11,9,False,n_total=41 < 100
DQB1*06:01 / DQA1*01:03,DPB1*01:01 / DPA1*01:03,female_nullipara,0.226,Spearman,4128,806,447,True,
DQB1*06:01 / DQA1*01:03,DPB1*01:01 / DPA1*01:03,overall,0.233,Spearman,27132,5370,3075,True,
DQB1*06:01 / DQA1*01:03,DPB1*01:01 / DPA1*01:03,female_parous,0.207,Spearman,12675,2683,1682,True,
DQB1*06:01 / DQA1*01:03,DPB1*01:01 / DPA1*01:03,male_retransplant,0.237,Spearman,1579,193,89,True,
DQB1*06:01 / DQA1*01:03,DPB1*01:01 / DPA1*01:03,male_primary,0.268,Spearman,8564,1654,849,True,
DRB4*01:03,DQB1*03:03 / DQA1*03:01,female_nullipara,0.314,Spearman,3352,484,835,True,
DRB4*01:03,DQB1*03:03 / DQA1*03:01,overall,0.33,Spearman,21736,3262,5396,True,
DRB4*01:03,DQB1*03:03 / DQA1*03:01,female_parous,0.319,Spearman,9951,1887,2649,True,
DRB4*01:03,DQB1*03:03 / DQA1*03:01,male_retransplant,0.345,Spearman,1499,104,221,True,
DRB4*01:03,DQB1*03:03 / DQA1*03:01,male_primary,0.346,Spearman,6754,761,1656,True,
DRB3*03:01,DPB1*14:01 / DPA1*02:01,female_nullipara,0.298,Spearman,3947,680,613,True,
DRB3*03:01,DPB1*14:01 / DPA1*02:01,overall,0.3,Spearman,26241,4213,4148,True,
DRB3*03:01,DPB1*14:01 / DPA1*02:01,female_parous,0.253,Spearman,12342,2549,2351,True,
DRB3*03:01,DPB1*14:01 / DPA1*02:01,male_retransplant,0.332,Spearman,1462,106,111,True,
DRB3*03:01,DPB1*14:01 / DPA1*02:01,male_primary,0.357,Spearman,8310,849,1053,True,
DRB3*02:02,DQB1*06:01 / DQA1*02:01,overall,0.408,Spearman,6403,793,1124,True,
DRB3*02:02,DQB1*06:01 / DQA1*02:01,female_nullipara,0.433,Spearman,956,137,168,True,
DRB3*02:02,DQB1*06:01 / DQA1*02:01,female_parous,0.331,Spearman,3036,458,490,True,
DRB3*02:02,DQB1*06:01 / DQA1*02:01,male_retransplant,0.469,Spearman,267,19,42,True,
DRB3*02:02,DQB1*06:01 / DQA1*02:01,male_primary,0.488,Spearman,2133,177,421,True,
DRB5*01:01,DQB1*05:01 / DQA1*01:01,female_nullipara,0.427,Spearman,4305,808,771,True,
DRB5*01:01,DQB1*05:01 / DQA1*01:01,female_parous,0.413,Spearman,12985,3255,2539,True,
DRB5*01:01,DQB1*05:01 / DQA1*01:01,overall,0.429,Spearman,28134,5360,5071,True,
DRB5*01:01,DQB1*05:01 / DQA1*01:01,male_primary,0.44,Spearman,8886,1133,1519,True,
DRB5*01:01,DQB1*05:01 / DQA1*01:01,male_retransplant,0.461,Spearman,1767,125,207,True,
DRB3*02:02,DPB1*28:01 / DPA1*04:01,overall,0.398,Spearman,16357,2103,1787,True,
DRB3*02:02,DPB1*28:01 / DPA1*04:01,female_nullipara,0.397,Spearman,2523,340,262,True,
DRB3*02:02,DPB1*28:01 / DPA1*04:01,female_parous,0.351,Spearman,7680,1270,989,True,
DRB3*02:02,DPB1*28:01 / DPA1*04:01,male_retransplant,0.471,Spearman,801,37,32,True,
DRB3*02:02,DPB1*28:01 / DPA1*04:01,male_primary,0.46,Spearman,5210,433,491,True,
DRB1*13:02,DQB1*06:09 / DQA1*01:02,overall,0.32,Spearman,935,342,439,True,
DRB1*13:02,DQB1*06:09 / DQA1*01:02,female_nullipara,0.39,Spearman,132,54,62,True,
DRB1*13:02,DQB1*06:09 / DQA1*01:02,female_parous,0.213,Spearman,460,190,218,True,
DRB1*13:02,DQB1*06:09 / DQA1*01:02,male_retransplant,0.525,Spearman,41,8,13,False,n_total=41 < 100
DRB1*13:02,DQB1*06:09 / DQA1*01:02,male_primary,0.373,Spearman,273,80,141,True,
DPB1*18:01 / DPA1*02:01,DPB1*19:01 / DPA1*02:01,female_nullipara,0.529,Spearman,574,64,42,True,
DPB1*18:01 / DPA1*02:01,DPB1*19:01 / DPA1*02:01,female_parous,0.567,Spearman,1188,118,91,True,
DPB1*18:01 / DPA1*02:01,DPB1*19:01 / DPA1*02:01,overall,0.573,Spearman,3249,264,199,True,
DPB1*18:01 / DPA1*02:01,DPB1*19:01 / DPA1*02:01,male_primary,0.616,Spearman,986,66,57,True,
DPB1*18:01 / DPA1*02:01,DPB1*19:01 / DPA1*02:01,male_retransplant,0.572,Spearman,485,15,9,True,
DRB1*03:02,DQB1*05:01 / DQA1*01:01,female_nullipara,0.256,Spearman,4306,624,771,True,
DRB1*03:02,DQB1*05:01 / DQA1*01:01,overall,0.228,Spearman,28134,3967,5071,True,
DRB1*03:02,DQB1*05:01 / DQA1*01:01,female_parous,0.156,Spearman,12984,2517,2539,True,
DRB1*03:02,DQB1*05:01 / DQA1*01:01,male_retransplant,0.296,Spearman,1767,91,207,True,
DRB1*03:02,DQB1*05:01 / DQA1*01:01,male_primary,0.306,Spearman,8886,700,1519,True,
DQB1*02:02 / DQA1*02:01,DPB1*05:01 / DPA1*02:01,female_nullipara,0.369,Spearman,4305,647,443,True,
DQB1*02:02 / DQA1*02:01,DPB1*05:01 / DPA1*02:01,overall,0.358,Spearman,28132,4278,2932,True,
DQB1*02:02 / DQA1*02:01,DPB1*05:01 / DPA1*02:01,female_parous,0.336,Spearman,12984,2058,1570,True,
DQB1*02:02 / DQA1*02:01,DPB1*05:01 / DPA1*02:01,male_retransplant,0.413,Spearman,1766,186,99,True,
DQB1*02:02 / DQA1*02:01,DPB1*05:01 / DPA1*02:01,male_primary,0.372,Spearman,8886,1372,810,True,
DQB1*03:01 / DQA1*05:01,DQB1*03:03 / DQA1*03:02,overall,0.643,Spearman,6396,1297,1390,True,
DQB1*03:01 / DQA1*05:01,DQB1*03:03 / DQA1*03:02,female_nullipara,0.647,Spearman,953,201,200,True,
DQB1*03:01 / DQA1*05:01,DQB1*03:03 / DQA1*03:02,female_parous,0.677,Spearman,3033,638,677,True,
DQB1*03:01 / DQA1*05:01,DQB1*03:03 / DQA1*03:02,male_retransplant,0.672,Spearman,267,39,45,True,
DQB1*03:01 / DQA1*05:01,DQB1*03:03 / DQA1*03:02,male_primary,0.596,Spearman,2132,417,465,True,
DQB1*03:01 / DQA1*06:01,DPB1*28:01 / DPA1*02:02,male_primary,,,0,0,0,False,exception: <urlopen error _ssl.c:1063: The handshake operation timed out>
